from,to
Grauer 1,MLK Assassination
Grauer 1,Civil Rights Act of 1968
Grauer 2,MLK Assassination
Estes,MLK Assassination
Wannamaker,MLK Assassination
Setzer,MLK Assassination
C. Alexander,Brown v Board
Sharpe,MLK Assassination
Cherry,Kerner Report
Cherry,MLK Assassination
Bailey,Brown v Board
Stith,Orangeburg Massacre
Berry,Brown v Board
Sherrill,MLK Assassination
Frink,MLK Assassination
NAACP,1965 Charlotte Bombings
Hinson,Sit Ins
Glenn,MLK Assassination
Knight,1968 Unrest in Wilmington
Knight,MLK Assassination
Caldwell,MLK Assassination
Duffield,MLK Assassination
Hilton,MLK Assassination
Kramer,Raleigh Urban Renewal
Kramer,MLK Assassination
Colie,MLK Funeral
Colie,MLK Assassination
Kester,Shaw Riots
Kester,MLK Assassination
Bennett,Shaw Riots
Bennett,MLK Assassination
Mills,MLK Assassination
Mills,JFK Assisination
Grabarek,MLK Assassination
Rulison,MLK Assassination
Smith 1,Shaw Riots
Smith 1,MLK Assassination
Reed,Shaw Riots
Reed,MLK Assassination
Smith 2,Swann v. Charlotte-Mecklenburg
Andrews,Brown v Board
Whitaker,4-6 Appeal to NC Churches
Whitaker,MLK Assassination
R. Higgins,4-6 Appeal to NC Churches
R. Higgins,MLK Assassination
R. Corpening,Conf. on Community Relations
R. McKnight,4-6 Appeal to NC Churches
R. McKnight,MLK Assassination
R. Levinson,Conf. on Community Relations
R. Levinson,MLK Assassination
Porter,Sit Ins
Howell,Sit Ins
Hyman,MLK Assassination
Daniel,MLK Assassination
Wells,1968 Unrest in Washington
Wells,MLK Assassination
K. Alexander,Brown v Board
Allred,Sit Ins
Ijames,MLK Assassination
Norris,MLK Assassination
Lee,4-6 Appeal to NC Churches
Lee,MLK Assassination
Elmore,MLK Assassination
Gardner,Howard Fuller Appointment
Queen,Stokely Carmichael UNC Visit
G'boro Co.,Stokely Carmichael UNC Visit
Blumberg,Hyde School Boycott
Tompson,Hyde School Boycott
Kelly,Hyde School Boycott
Blum,Hyde School Boycott
Severinghaus,Hyde School Boycott
Mosley,Hyde School Boycott
Myers,Hyde School Boycott
Myrick,Hyde School Boycott
